Halo Name,Google Drive ID,Google Drive Link
Halo032,1BTWP_VOM0kg6ZakM5E-Wvumo5xNFeWd3,https://drive.google.com/file/d/1BTWP_VOM0kg6ZakM5E-Wvumo5xNFeWd3/view?usp=sharing
Halo059,11_suEtmopleivKE0jacUPVm8aCZcOFjV,https://drive.google.com/file/d/11_suEtmopleivKE0jacUPVm8aCZcOFjV/view?usp=sharing
Halo0662,1rJTHtS4dJlwogRMthT2qDhbLLEglms5y,https://drive.google.com/file/d/1rJTHtS4dJlwogRMthT2qDhbLLEglms5y/view?usp=sharing
Halo083,1qrFs_nWqG_rk4XN-PEeZgPcagnUJNvxq,https://drive.google.com/file/d/1qrFs_nWqG_rk4XN-PEeZgPcagnUJNvxq/view?usp=sharing
Halo088,1pTOZudiwxFFn9mkY3rioUbNNe-few-qr,https://drive.google.com/file/d/1pTOZudiwxFFn9mkY3rioUbNNe-few-qr/view?usp=sharing
Halo097,1NkhasGrOdOV0YgHDgbvnnMWY6MjKnNvv,https://drive.google.com/file/d/1NkhasGrOdOV0YgHDgbvnnMWY6MjKnNvv/view?usp=sharing
Halo104,1BAdcDyKxZ50nyBBZHRuHuTlc-yKMuW61,https://drive.google.com/file/d/1BAdcDyKxZ50nyBBZHRuHuTlc-yKMuW61/view?usp=sharing
Halo110,1zm2ZYeQalvtb7s0d7KTTj_MT0d9dTz-a,https://drive.google.com/file/d/1zm2ZYeQalvtb7s0d7KTTj_MT0d9dTz-a/view?usp=sharing
Halo202,1loZtnHVR2jOGBb2UrkAq-Jo3F6KLOFgY,https://drive.google.com/file/d/1loZtnHVR2jOGBb2UrkAq-Jo3F6KLOFgY/view?usp=sharing
Halo208,1jNTVgBLs-7ipVm2hB84lORDJtQrLTKEf,https://drive.google.com/file/d/1jNTVgBLs-7ipVm2hB84lORDJtQrLTKEf/view?usp=sharing
Halo218,1X5WINfC8nTfUfu8Xu0_ERi6D4X1J0gtc,https://drive.google.com/file/d/1X5WINfC8nTfUfu8Xu0_ERi6D4X1J0gtc/view?usp=sharing
Halo296,1UhC8eJFJ5nzmHjkraR7Ys9BWMlWxAzCV,https://drive.google.com/file/d/1UhC8eJFJ5nzmHjkraR7Ys9BWMlWxAzCV/view?usp=sharing
Halo301,1FZp53aSVKSFafZw-jXekabsn-8ntO3D2,https://drive.google.com/file/d/1FZp53aSVKSFafZw-jXekabsn-8ntO3D2/view?usp=sharing
Halo303,1pNm5dy2glG_Eg-MUqEI8aRp3jiZFa6LB,https://drive.google.com/file/d/1pNm5dy2glG_Eg-MUqEI8aRp3jiZFa6LB/view?usp=sharing
Halo340,1DT3ecPngZ8FUrXOT7ji4LfgMRo0Y9yTr,https://drive.google.com/file/d/1DT3ecPngZ8FUrXOT7ji4LfgMRo0Y9yTr/view?usp=sharing
Halo374,1ir79fnX0_TlytLIh_0slef3j1x9rjTub,https://drive.google.com/file/d/1ir79fnX0_TlytLIh_0slef3j1x9rjTub/view?usp=sharing
Halo380,1OHel_RL-sFhqH40O5DsRLU39jXUJFy6P,https://drive.google.com/file/d/1OHel_RL-sFhqH40O5DsRLU39jXUJFy6P/view?usp=sharing
Halo391,1jTGmfs6SpuXIB58POmideHHOYD_rYUXN,https://drive.google.com/file/d/1jTGmfs6SpuXIB58POmideHHOYD_rYUXN/view?usp=sharing
Halo405,1ADTZ4JiXruoyb3UC5KAp7RpMCWx1MFdG,https://drive.google.com/file/d/1ADTZ4JiXruoyb3UC5KAp7RpMCWx1MFdG/view?usp=sharing
Halo440,104ln487qPmJQZo1UsIPgzKfpiH3K5q2r,https://drive.google.com/file/d/104ln487qPmJQZo1UsIPgzKfpiH3K5q2r/view?usp=sharing
Halo463,1dmIHQYc52jI8w1xGwxXIga2nMomR95cN,https://drive.google.com/file/d/1dmIHQYc52jI8w1xGwxXIga2nMomR95cN/view?usp=sharing
Halo4662,134zayj9gQ5HJ7-DEuA8NB8hJQHIIO70c,https://drive.google.com/file/d/134zayj9gQ5HJ7-DEuA8NB8hJQHIIO70c/view?usp=sharing
Halo511,1vOy7VGrK21L-yfzAvMp8OqnSR2SMilbe,https://drive.google.com/file/d/1vOy7VGrK21L-yfzAvMp8OqnSR2SMilbe/view?usp=sharing
Halo524,1HVOYqBUuDqx-JsIF4VBRLmu96TPlr671,https://drive.google.com/file/d/1HVOYqBUuDqx-JsIF4VBRLmu96TPlr671/view?usp=sharing
Halo539,1LwUWHrKMBxTwueZaI_T0d4JQbaKVTOQO,https://drive.google.com/file/d/1LwUWHrKMBxTwueZaI_T0d4JQbaKVTOQO/view?usp=sharing
Halo567,1a18vr_7oEA-QhndmkIWZ0Q00GP2pk0tp,https://drive.google.com/file/d/1a18vr_7oEA-QhndmkIWZ0Q00GP2pk0tp/view?usp=sharing
Hao575,1Pv9eMeh0EKGewiZd47h0kImprstZ2JV1,https://drive.google.com/file/d/1Pv9eMeh0EKGewiZd47h0kImprstZ2JV1/view?usp=sharing
Halo602,1PMbu27pKMHCvv0X61ZXd-cMxH47rvnT9,https://drive.google.com/file/d/1PMbu27pKMHCvv0X61ZXd-cMxH47rvnT9/view?usp=sharing
Halo697,17wyZwQhtaeahSf6ynXKKTV4mwdExkLAB,https://drive.google.com/file/d/17wyZwQhtaeahSf6ynXKKTV4mwdExkLAB/view?usp=sharing
Halo711,1e-RAuKKTRcuBShNwtLFhyD0RolnwnELg,https://drive.google.com/file/d/1e-RAuKKTRcuBShNwtLFhyD0RolnwnELg/view?usp=sharing
Halo721,1pW-YtjB6pz8yWHM6ODr2ubQKLY_p0SH_,https://drive.google.com/file/d/1pW-YtjB6pz8yWHM6ODr2ubQKLY_p0SH_/view?usp=sharing
Halo767,1gVx8QAAv1ZKojZd8ewNXj05INg62-Uvh,https://drive.google.com/file/d/1gVx8QAAv1ZKojZd8ewNXj05INg62-Uvh/view?usp=sharing
Halo802,13PwMkAczgYYnanpeKw7fikeoR5Qvi8uG,https://drive.google.com/file/d/13PwMkAczgYYnanpeKw7fikeoR5Qvi8uG/view?usp=sharing
Halo824,1Zv9pR0bBNGV9RXTOb8gqO96Aaosa5DwY,https://drive.google.com/file/d/1Zv9pR0bBNGV9RXTOb8gqO96Aaosa5DwY/view?usp=sharing
Halo850,1BwNLCVWDU_Jgv9eq8YpD6N4HODkZSaUm,https://drive.google.com/file/d/1BwNLCVWDU_Jgv9eq8YpD6N4HODkZSaUm/view?usp=sharing
Halo853,1ZiElp9W0I3e-zJTlb8e5SAkLOsGeACL_,https://drive.google.com/file/d/1ZiElp9W0I3e-zJTlb8e5SAkLOsGeACL_/view?usp=sharing
Halo914,1IKWHY5afqYlKafApiPm6NDVPUcOztqfX,https://drive.google.com/file/d/1IKWHY5afqYlKafApiPm6NDVPUcOztqfX/view?usp=sharing
Halo932,11j-hZ3XMh_JNvCf4Hc3XpLD4OrnD4ZgG,https://drive.google.com/file/d/11j-hZ3XMh_JNvCf4Hc3XpLD4OrnD4ZgG/view?usp=sharing
Halo933,11zZtqbtvl11LL5xFvHvmmxhSxZubc1q3,https://drive.google.com/file/d/11zZtqbtvl11LL5xFvHvmmxhSxZubc1q3/view?usp=sharing